HG00096	GBR	11
HG00097	GBR	11
HG00099	GBR	11
HG00100	GBR	11
HG00101	GBR	11
HG00102	GBR	11
HG00103	GBR	11
HG00105	GBR	11
HG00106	GBR	11
HG00107	GBR	11
HG00108	GBR	11
HG00109	GBR	11
HG00110	GBR	11
HG00111	GBR	11
HG00112	GBR	11
HG00113	GBR	11
HG00114	GBR	11
HG00115	GBR	11
HG00116	GBR	11
HG00117	GBR	11
HG00118	GBR	11
HG00119	GBR	11
HG00120	GBR	11
HG00121	GBR	11
HG00122	GBR	11
HG00123	GBR	11
HG00125	GBR	11
HG00126	GBR	11
HG00127	GBR	11
HG00128	GBR	11
HG00129	GBR	11
HG00130	GBR	11
HG00131	GBR	11
HG00132	GBR	11
HG00133	GBR	11
HG00136	GBR	11
HG00137	GBR	11
HG00138	GBR	11
HG00139	GBR	11
HG00140	GBR	11
HG00141	GBR	11
HG00142	GBR	11
HG00143	GBR	11
HG00145	GBR	11
HG00146	GBR	11
HG00148	GBR	11
HG00149	GBR	11
HG00150	GBR	11
HG00151	GBR	11
HG00154	GBR	11
HG00155	GBR	11
HG00157	GBR	11
HG00158	GBR	11
HG00159	GBR	11
HG00160	GBR	11
HG00171	FIN	10
HG00173	FIN	10
HG00174	FIN	10
HG00176	FIN	10
HG00177	FIN	10
HG00178	FIN	10
HG00179	FIN	10
HG00180	FIN	10
HG00181	FIN	10
HG00182	FIN	10
HG00183	FIN	10
HG00185	FIN	10
HG00186	FIN	10
HG00187	FIN	10
HG00188	FIN	10
HG00189	FIN	10
HG00190	FIN	10
HG00231	GBR	11
HG00232	GBR	11
HG00233	GBR	11
HG00234	GBR	11
HG00235	GBR	11
HG00236	GBR	11
HG00237	GBR	11
HG00238	GBR	11
HG00239	GBR	11
HG00240	GBR	11
HG00242	GBR	11
HG00243	GBR	11
HG00244	GBR	11
HG00245	GBR	11
HG00246	GBR	11
HG00250	GBR	11
HG00251	GBR	11
HG00252	GBR	11
HG00253	GBR	11
HG00254	GBR	11
HG00255	GBR	11
HG00256	GBR	11
HG00257	GBR	11
HG00258	GBR	11
HG00259	GBR	11
HG00260	GBR	11
HG00261	GBR	11
HG00262	GBR	11
HG00263	GBR	11
HG00264	GBR	11
HG00265	GBR	11
HG00266	FIN	10
HG00267	FIN	10
HG00268	FIN	10
HG00269	FIN	10
HG00271	FIN	10
HG00272	FIN	10
HG00273	FIN	10
HG00274	FIN	10
HG00275	FIN	10
HG00276	FIN	10
HG00277	FIN	10
HG00278	FIN	10
HG00280	FIN	10
HG00281	FIN	10
HG00282	FIN	10
HG00284	FIN	10
HG00285	FIN	10
HG00288	FIN	10
HG00290	FIN	10
HG00304	FIN	10
HG00306	FIN	10
HG00308	FIN	10
HG00309	FIN	10
HG00310	FIN	10
HG00311	FIN	10
HG00313	FIN	10
HG00315	FIN	10
HG00318	FIN	10
HG00319	FIN	10
HG00320	FIN	10
HG00321	FIN	10
HG00323	FIN	10
HG00324	FIN	10
HG00325	FIN	10
HG00326	FIN	10
HG00327	FIN	10
HG00328	FIN	10
HG00329	FIN	10
HG00330	FIN	10
HG00331	FIN	10
HG00332	FIN	10
HG00334	FIN	10
HG00335	FIN	10
HG00336	FIN	10
HG00337	FIN	10
HG00338	FIN	10
HG00339	FIN	10
HG00341	FIN	10
HG00342	FIN	10
HG00343	FIN	10
HG00344	FIN	10
HG00345	FIN	10
HG00346	FIN	10
HG00349	FIN	10
HG00350	FIN	10
HG00351	FIN	10
HG00353	FIN	10
HG00355	FIN	10
HG00356	FIN	10
HG00357	FIN	10
HG00358	FIN	10
HG00360	FIN	10
HG00361	FIN	10
HG00362	FIN	10
HG00364	FIN	10
HG00365	FIN	10
HG00366	FIN	10
HG00367	FIN	10
HG00368	FIN	10
HG00369	FIN	10
HG00371	FIN	10
HG00372	FIN	10
HG00373	FIN	10
HG00375	FIN	10
HG00376	FIN	10
HG00378	FIN	10
HG00379	FIN	10
HG00380	FIN	10
HG00381	FIN	10
HG00382	FIN	10
HG00383	FIN	10
HG00384	FIN	10
HG00403	CHS	7
HG00404	CHS	7
HG00406	CHS	7
HG00407	CHS	7
HG00409	CHS	7
HG00410	CHS	7
HG00419	CHS	7
HG00421	CHS	7
HG00422	CHS	7
HG00428	CHS	7
HG00436	CHS	7
HG00437	CHS	7
HG00442	CHS	7
HG00443	CHS	7
HG00445	CHS	7
HG00446	CHS	7
HG00448	CHS	7
HG00449	CHS	7
HG00451	CHS	7
HG00452	CHS	7
HG00457	CHS	7
HG00458	CHS	7
HG00463	CHS	7
HG00464	CHS	7
HG00472	CHS	7
HG00473	CHS	7
HG00475	CHS	7
HG00476	CHS	7
HG00478	CHS	7
HG00479	CHS	7
HG00500	CHS	7
HG00513	CHS	7
HG00524	CHS	7
HG00525	CHS	7
HG00530	CHS	7
HG00531	CHS	7
HG00533	CHS	7
HG00534	CHS	7
HG00536	CHS	7
HG00537	CHS	7
HG00542	CHS	7
HG00543	CHS	7
HG00551	PUR	24
HG00553	PUR	24
HG00554	PUR	24
HG00556	CHS	7
HG00557	CHS	7
HG00559	CHS	7
HG00560	CHS	7
HG00565	CHS	7
HG00566	CHS	7
HG00580	CHS	7
HG00581	CHS	7
HG00583	CHS	7
HG00584	CHS	7
HG00589	CHS	7
HG00590	CHS	7
HG00592	CHS	7
HG00593	CHS	7
HG00595	CHS	7
HG00596	CHS	7
HG00598	CHS	7
HG00599	CHS	7
HG00607	CHS	7
HG00608	CHS	7
HG00610	CHS	7
HG00611	CHS	7
HG00613	CHS	7
HG00614	CHS	7
HG00619	CHS	7
HG00620	CHS	7
HG00622	CHS	7
HG00623	CHS	7
HG00625	CHS	7
HG00626	CHS	7
HG00628	CHS	7
HG00629	CHS	7
HG00631	CHS	7
HG00632	CHS	7
HG00634	CHS	7
HG00637	PUR	24
HG00638	PUR	24
HG00640	PUR	24
HG00641	PUR	24
HG00650	CHS	7
HG00651	CHS	7
HG00653	CHS	7
HG00654	CHS	7
HG00656	CHS	7
HG00657	CHS	7
HG00662	CHS	7
HG00663	CHS	7
HG00671	CHS	7
HG00672	CHS	7
HG00674	CHS	7
HG00675	CHS	7
HG00683	CHS	7
HG00684	CHS	7
HG00689	CHS	7
HG00690	CHS	7
HG00692	CHS	7
HG00693	CHS	7
HG00698	CHS	7
HG00699	CHS	7
HG00701	CHS	7
HG00704	CHS	7
HG00705	CHS	7
HG00707	CHS	7
HG00708	CHS	7
HG00717	CHS	7
HG00728	CHS	7
HG00729	CHS	7
HG00731	PUR	24
HG00732	PUR	24
HG00734	PUR	24
HG00736	PUR	24
HG00737	PUR	24
HG00739	PUR	24
HG00740	PUR	24
HG00742	PUR	24
HG00743	PUR	24
HG00759	CDX	4
HG00766	CDX	4
HG00844	CDX	4
HG00851	CDX	4
HG00864	CDX	4
HG00867	CDX	4
HG00879	CDX	4
HG00881	CDX	4
HG00956	CDX	4
HG00978	CDX	4
HG00982	CDX	4
HG01028	CDX	4
HG01029	CDX	4
HG01031	CDX	4
HG01046	CDX	4
HG01047	PUR	24
HG01048	PUR	24
HG01049	PUR	24
HG01051	PUR	24
HG01052	PUR	24
HG01054	PUR	24
HG01055	PUR	24
HG01058	PUR	24
HG01060	PUR	24
HG01061	PUR	24
HG01063	PUR	24
HG01064	PUR	24
HG01066	PUR	24
HG01067	PUR	24
HG01069	PUR	24
HG01070	PUR	24
HG01072	PUR	24
HG01073	PUR	24
HG01075	PUR	24
HG01077	PUR	24
HG01079	PUR	24
HG01080	PUR	24
HG01082	PUR	24
HG01083	PUR	24
HG01085	PUR	24
HG01086	PUR	24
HG01088	PUR	24
HG01089	PUR	24
HG01092	PUR	24
HG01094	PUR	24
HG01095	PUR	24
HG01097	PUR	24
HG01098	PUR	24
HG01101	PUR	24
HG01102	PUR	24
HG01104	PUR	24
HG01105	PUR	24
HG01107	PUR	24
HG01108	PUR	24
HG01110	PUR	24
HG01111	PUR	24
HG01112	CLM	8
HG01113	CLM	8
HG01119	CLM	8
HG01121	CLM	8
HG01122	CLM	8
HG01124	CLM	8
HG01125	CLM	8
HG01130	CLM	8
HG01131	CLM	8
HG01133	CLM	8
HG01134	CLM	8
HG01136	CLM	8
HG01137	CLM	8
HG01139	CLM	8
HG01140	CLM	8
HG01142	CLM	8
HG01148	CLM	8
HG01149	CLM	8
HG01161	PUR	24
HG01162	PUR	24
HG01164	PUR	24
HG01167	PUR	24
HG01168	PUR	24
HG01170	PUR	24
HG01171	PUR	24
HG01173	PUR	24
HG01174	PUR	24
HG01176	PUR	24
HG01177	PUR	24
HG01182	PUR	24
HG01183	PUR	24
HG01187	PUR	24
HG01188	PUR	24
HG01190	PUR	24
HG01191	PUR	24
HG01197	PUR	24
HG01198	PUR	24
HG01200	PUR	24
HG01204	PUR	24
HG01205	PUR	24
HG01241	PUR	24
HG01242	PUR	24
HG01247	PUR	24
HG01248	PUR	24
HG01250	CLM	8
HG01251	CLM	8
HG01253	CLM	8
HG01254	CLM	8
HG01256	CLM	8
HG01257	CLM	8
HG01259	CLM	8
HG01260	CLM	8
HG01269	CLM	8
HG01271	CLM	8
HG01272	CLM	8
HG01275	CLM	8
HG01277	CLM	8
HG01280	CLM	8
HG01281	CLM	8
HG01284	CLM	8
HG01286	PUR	24
HG01302	PUR	24
HG01303	PUR	24
HG01305	PUR	24
HG01308	PUR	24
HG01311	PUR	24
HG01312	PUR	24
HG01323	PUR	24
HG01325	PUR	24
HG01326	PUR	24
HG01334	GBR	11
HG01341	CLM	8
HG01342	CLM	8
HG01344	CLM	8
HG01345	CLM	8
HG01348	CLM	8
HG01350	CLM	8
HG01351	CLM	8
HG01353	CLM	8
HG01354	CLM	8
HG01356	CLM	8
HG01357	CLM	8
HG01359	CLM	8
HG01360	CLM	8
HG01362	CLM	8
HG01363	CLM	8
HG01365	CLM	8
HG01366	CLM	8
HG01369	CLM	8
HG01372	CLM	8
HG01374	CLM	8
HG01375	CLM	8
HG01377	CLM	8
HG01378	CLM	8
HG01383	CLM	8
HG01384	CLM	8
HG01389	CLM	8
HG01390	CLM	8
HG01392	PUR	24
HG01393	PUR	24
HG01395	PUR	24
HG01396	PUR	24
HG01398	PUR	24
HG01402	PUR	24
HG01403	PUR	24
HG01405	PUR	24
HG01412	PUR	24
HG01413	PUR	24
HG01414	PUR	24
HG01431	CLM	8
HG01432	CLM	8
HG01435	CLM	8
HG01437	CLM	8
HG01438	CLM	8
HG01440	CLM	8
HG01441	CLM	8
HG01443	CLM	8
HG01444	CLM	8
HG01447	CLM	8
HG01455	CLM	8
HG01456	CLM	8
HG01459	CLM	8
HG01461	CLM	8
HG01462	CLM	8
HG01464	CLM	8
HG01465	CLM	8
HG01468	CLM	8
HG01474	CLM	8
HG01479	CLM	8
HG01485	CLM	8
HG01486	CLM	8
HG01488	CLM	8
HG01489	CLM	8
HG01491	CLM	8
HG01492	CLM	8
HG01494	CLM	8
HG01495	CLM	8
HG01497	CLM	8
HG01498	CLM	8
HG01500	IBS	14
HG01501	IBS	14
HG01503	IBS	14
HG01504	IBS	14
HG01506	IBS	14
HG01507	IBS	14
HG01509	IBS	14
HG01510	IBS	14
HG01512	IBS	14
HG01513	IBS	14
HG01515	IBS	14
HG01516	IBS	14
HG01518	IBS	14
HG01519	IBS	14
HG01521	IBS	14
HG01522	IBS	14
HG01524	IBS	14
HG01525	IBS	14
HG01527	IBS	14
HG01528	IBS	14
HG01530	IBS	14
HG01531	IBS	14
HG01536	IBS	14
HG01537	IBS	14
HG01550	CLM	8
HG01551	CLM	8
HG01556	CLM	8
HG01565	PEL	22
HG01566	PEL	22
HG01571	PEL	22
HG01572	PEL	22
HG01577	PEL	22
HG01578	PEL	22
HG01583	PJL	23
HG01586	PJL	23
HG01589	PJL	23
HG01593	PJL	23
HG01595	KHV	18
HG01596	KHV	18
HG01597	KHV	18
HG01598	KHV	18
HG01599	KHV	18
HG01600	KHV	18
HG01602	IBS	14
HG01603	IBS	14
HG01605	IBS	14
HG01606	IBS	14
HG01607	IBS	14
HG01608	IBS	14
HG01610	IBS	14
HG01612	IBS	14
HG01613	IBS	14
HG01615	IBS	14
HG01617	IBS	14
HG01618	IBS	14
HG01619	IBS	14
HG01620	IBS	14
HG01623	IBS	14
HG01624	IBS	14
HG01625	IBS	14
HG01626	IBS	14
HG01628	IBS	14
HG01630	IBS	14
HG01631	IBS	14
HG01632	IBS	14
HG01668	IBS	14
HG01669	IBS	14
HG01670	IBS	14
HG01672	IBS	14
HG01673	IBS	14
HG01675	IBS	14
HG01676	IBS	14
HG01678	IBS	14
HG01679	IBS	14
HG01680	IBS	14
HG01682	IBS	14
HG01684	IBS	14
HG01685	IBS	14
HG01686	IBS	14
HG01694	IBS	14
HG01695	IBS	14
HG01697	IBS	14
HG01699	IBS	14
HG01700	IBS	14
HG01702	IBS	14
HG01704	IBS	14
HG01705	IBS	14
HG01707	IBS	14
HG01708	IBS	14
HG01709	IBS	14
HG01710	IBS	14
HG01746	IBS	14
HG01747	IBS	14
HG01756	IBS	14
HG01757	IBS	14
HG01761	IBS	14
HG01762	IBS	14
HG01765	IBS	14
HG01766	IBS	14
HG01767	IBS	14
HG01768	IBS	14
HG01770	IBS	14
HG01771	IBS	14
HG01773	IBS	14
HG01775	IBS	14
HG01776	IBS	14
HG01777	IBS	14
HG01779	IBS	14
HG01781	IBS	14
HG01783	IBS,MSL	15
HG01784	IBS	14
HG01785	IBS	14
HG01786	IBS	14
HG01789	GBR	11
HG01790	GBR	11
HG01791	GBR	11
HG01794	CDX	4
HG01795	CDX	4
HG01796	CDX	4
HG01797	CDX	4
HG01798	CDX	4
HG01799	CDX	4
HG01800	CDX	4
HG01801	CDX	4
HG01802	CDX	4
HG01804	CDX	4
HG01805	CDX	4
HG01806	CDX	4
HG01807	CDX	4
HG01808	CDX	4
HG01809	CDX	4
HG01810	CDX	4
HG01811	CDX	4
HG01812	CDX	4
HG01813	CDX	4
HG01815	CDX	4
HG01816	CDX	4
HG01817	CDX	4
HG01840	KHV	18
HG01841	KHV	18
HG01842	KHV	18
HG01843	KHV	18
HG01844	KHV	18
HG01845	KHV	18
HG01846	KHV	18
HG01847	KHV	18
HG01848	KHV	18
HG01849	KHV	18
HG01850	KHV	18
HG01851	KHV	18
HG01852	KHV	18
HG01853	KHV	18
HG01855	KHV	18
HG01857	KHV	18
HG01858	KHV	18
HG01859	KHV	18
HG01860	KHV	18
HG01861	KHV	18
HG01862	KHV	18
HG01863	KHV	18
HG01864	KHV	18
HG01865	KHV	18
HG01866	KHV	18
HG01867	KHV	18
HG01868	KHV	18
HG01869	KHV	18
HG01870	KHV	18
HG01871	KHV	18
HG01872	KHV	18
HG01873	KHV	18
HG01874	KHV	18
HG01878	KHV	18
HG01879	ACB	1
HG01880	ACB	1
HG01882	ACB	1
HG01883	ACB	1
HG01885	ACB	1
HG01886	ACB	1
HG01889	ACB	1
HG01890	ACB	1
HG01892	PEL	22
HG01893	PEL	22
HG01894	ACB	1
HG01896	ACB	1
HG01912	ACB	1
HG01914	ACB	1
HG01915	ACB	1
HG01917	PEL	22
HG01918	PEL	22
HG01920	PEL	22
HG01921	PEL	22
HG01923	PEL	22
HG01924	PEL	22
HG01926	PEL	22
HG01927	PEL	22
HG01932	PEL	22
HG01933	PEL	22
HG01935	PEL	22
HG01936	PEL	22
HG01938	PEL	22
HG01939	PEL	22
HG01941	PEL	22
HG01942	PEL	22
HG01944	PEL	22
HG01945	PEL	22
HG01947	PEL	22
HG01948	PEL	22
HG01950	PEL	22
HG01951	PEL	22
HG01953	PEL	22
HG01954	PEL	22
HG01956	ACB	1
HG01958	ACB	1
HG01961	PEL	22
HG01965	PEL	22
HG01967	PEL	22
HG01968	PEL	22
HG01970	PEL	22
HG01971	PEL	22
HG01973	PEL	22
HG01974	PEL	22
HG01976	PEL	22
HG01977	PEL	22
HG01979	PEL	22
HG01980	PEL	22
HG01982	PEL	22
HG01985	ACB	1
HG01986	ACB	1
HG01988	ACB	1
HG01989	ACB	1
HG01990	ACB	1
HG01991	PEL	22
HG01992	PEL	22
HG01997	PEL	22
HG02002	PEL	22
HG02003	PEL	22
HG02006	PEL	22
HG02008	PEL	22
HG02009	ACB	1
HG02010	ACB	1
HG02012	ACB	1
HG02013	ACB	1
HG02014	ACB	1
HG02016	KHV	18
HG02017	KHV	18
HG02019	KHV	18
HG02020	KHV	18
HG02023	KHV	18
HG02025	KHV	18
HG02026	KHV	18
HG02028	KHV	18
HG02029	KHV	18
HG02031	KHV	18
HG02032	KHV	18
HG02035	KHV	18
HG02040	KHV	18
HG02047	KHV	18
HG02048	KHV	18
HG02049	KHV	18
HG02050	KHV	18
HG02051	ACB	1
HG02052	ACB	1
HG02053	ACB	1
HG02054	ACB	1
HG02057	KHV	18
HG02058	KHV	18
HG02060	KHV	18
HG02061	KHV	18
HG02064	KHV	18
HG02067	KHV	18
HG02069	KHV	18
HG02070	KHV	18
HG02072	KHV	18
HG02073	KHV	18
HG02075	KHV	18
HG02076	KHV	18
HG02078	KHV	18
HG02079	KHV	18
HG02081	KHV	18
HG02082	KHV	18
HG02084	KHV	18
HG02085	KHV	18
HG02086	KHV	18
HG02087	KHV	18
HG02088	KHV	18
HG02089	PEL	22
HG02090	PEL	22
HG02095	ACB	1
HG02102	PEL	22
HG02104	PEL	22
HG02105	PEL	22
HG02107	ACB	1
HG02108	ACB	1
HG02111	ACB	1
HG02113	KHV	18
HG02116	KHV	18
HG02121	KHV	18
HG02122	KHV	18
HG02127	KHV	18
HG02128	KHV	18
HG02130	KHV	18
HG02131	KHV	18
HG02133	KHV	18
HG02134	KHV	18
HG02136	KHV	18
HG02137	KHV	18
HG02138	KHV	18
HG02139	KHV	18
HG02140	KHV	18
HG02141	KHV	18
HG02142	KHV	18
HG02143	ACB	1
HG02144	ACB	1
HG02146	PEL	22
HG02147	PEL	22
HG02150	PEL	22
HG02151	CDX	4
HG02152	CDX	4
HG02153	CDX	4
HG02154	CDX	4
HG02155	CDX	4
HG02156	CDX	4
HG02164	CDX	4
HG02165	CDX	4
HG02166	CDX	4
HG02178	CDX	4
HG02179	CDX	4
HG02180	CDX	4
HG02181	CDX	4
HG02182	CDX	4
HG02184	CDX	4
HG02185	CDX	4
HG02186	CDX	4
HG02187	CDX	4
HG02188	CDX	4
HG02190	CDX	4
HG02215	GBR	11
HG02219	IBS	14
HG02220	IBS	14
HG02221	IBS	14
HG02223	IBS	14
HG02224	IBS	14
HG02230	IBS	14
HG02231	IBS	14
HG02232	IBS	14
HG02233	IBS	14
HG02235	IBS	14
HG02236	IBS	14
HG02238	IBS	14
HG02239	IBS	14
HG02250	CDX	4
HG02252	PEL	22
HG02253	PEL	22
HG02255	ACB	1
HG02256	ACB	1
HG02259	PEL	22
HG02260	PEL	22
HG02262	PEL	22
HG02265	PEL	22
HG02266	PEL	22
HG02271	PEL	22
HG02272	PEL	22
HG02274	PEL	22
HG02275	PEL	22
HG02277	PEL	22
HG02278	PEL	22
HG02281	ACB	1
HG02282	ACB	1
HG02283	ACB	1
HG02284	ACB	1
HG02285	PEL	22
HG02286	PEL	22
HG02291	PEL	22
HG02292	PEL	22
HG02298	PEL	22
HG02299	PEL	22
HG02301	PEL	22
HG02304	PEL	22
HG02307	ACB	1
HG02308	ACB	1
HG02309	ACB	1
HG02312	PEL	22
HG02314	ACB	1
HG02315	ACB	1
HG02317	ACB	1
HG02318	ACB	1
HG02322	ACB	1
HG02323	ACB	1
HG02325	ACB	1
HG02330	ACB	1
HG02332	ACB	1
HG02334	ACB	1
HG02337	ACB	1
HG02339	ACB	1
HG02343	ACB	1
HG02345	PEL	22
HG02348	PEL	22
HG02351	CDX	4
HG02353	CDX	4
HG02355	CDX	4
HG02356	CDX	4
HG02360	CDX	4
HG02364	CDX	4
HG02367	CDX	4
HG02371	CDX	4
HG02373	CDX	4
HG02374	CDX	4
HG02375	CDX	4
HG02379	CDX	4
HG02380	CDX	4
HG02382	CDX	4
HG02383	CDX	4
HG02384	CDX	4
HG02385	CDX	4
HG02386	CDX	4
HG02389	CDX	4
HG02390	CDX	4
HG02391	CDX	4
HG02392	CDX	4
HG02394	CDX	4
HG02395	CDX	4
HG02396	CDX	4
HG02397	CDX	4
HG02398	CDX	4
HG02399	CDX	4
HG02401	CDX	4
HG02402	CDX	4
HG02406	CDX	4
HG02407	CDX	4
HG02408	CDX	4
HG02409	CDX	4
HG02410	CDX	4
HG02419	ACB	1
HG02420	ACB	1
HG02425	PEL	22
HG02427	ACB	1
HG02429	ACB	1
HG02433	ACB	1
HG02439	ACB	1
HG02442	ACB	1
HG02445	ACB	1
HG02449	ACB	1
HG02450	ACB	1
HG02455	ACB	1
HG02461	GWD	13
HG02462	GWD	13
HG02464	GWD	13
HG02465	GWD	13
HG02470	ACB	1
HG02471	ACB	1
HG02476	ACB	1
HG02477	ACB	1
HG02479	ACB	1
HG02481	ACB	1
HG02484	ACB	1
HG02485	ACB	1
HG02489	ACB	1
HG02490	PJL	23
HG02491	PJL	23
HG02493	PJL	23
HG02494	PJL	23
HG02496	ACB	1
HG02497	ACB	1
HG02501	ACB	1
HG02502	ACB	1
HG02505	ACB	1
HG02508	ACB	1
HG02511	ACB	1
HG02512	KHV	18
HG02513	KHV	18
HG02521	KHV	18
HG02522	KHV	18
HG02536	ACB	1
HG02537	ACB	1
HG02541	ACB	1
HG02545	ACB	1
HG02546	ACB	1
HG02549	ACB	1
HG02554	ACB	1
HG02555	ACB	1
HG02557	ACB	1
HG02558	ACB	1
HG02561	GWD	13
HG02562	GWD	13
HG02568	GWD	13
HG02570	GWD	13
HG02571	GWD	13
HG02573	GWD	13
HG02574	GWD	13
HG02577	ACB	1
HG02580	ACB	1
HG02582	GWD	13
HG02583	GWD	13
HG02585	GWD	13
HG02586	GWD	13
HG02588	GWD	13
HG02589	GWD	13
HG02594	GWD	13
HG02595	GWD	13
HG02597	PJL	23
HG02600	PJL	23
HG02601	PJL	23
HG02603	PJL	23
HG02604	PJL	23
HG02610	GWD	13
HG02611	GWD	13
HG02613	GWD	13
HG02614	GWD	13
HG02620	GWD	13
HG02621	GWD	13
HG02623	GWD	13
HG02624	GWD	13
HG02628	GWD	13
HG02629	GWD	13
HG02634	GWD	13
HG02635	GWD	13
HG02642	GWD	13
HG02643	GWD	13
HG02645	GWD	13
HG02646	GWD	13
HG02648	PJL	23
HG02649	PJL	23
HG02651	PJL	23
HG02652	PJL	23
HG02654	PJL	23
HG02655	PJL	23
HG02657	PJL	23
HG02658	PJL	23
HG02660	PJL	23
HG02661	PJL	23
HG02666	GWD	13
HG02667	GWD	13
HG02675	GWD	13
HG02676	GWD	13
HG02678	GWD	13
HG02679	GWD	13
HG02681	PJL	23
HG02682	PJL	23
HG02684	PJL	23
HG02685	PJL	23
HG02687	PJL	23
HG02688	PJL	23
HG02690	PJL	23
HG02691	PJL	23
HG02694	PJL	23
HG02696	PJL	23
HG02697	PJL	23
HG02699	PJL	23
HG02700	PJL	23
HG02702	GWD	13
HG02703	GWD	13
HG02715	GWD	13
HG02716	GWD	13
HG02721	GWD	13
HG02722	GWD	13
HG02724	PJL	23
HG02725	PJL	23
HG02727	PJL	23
HG02728	PJL	23
HG02731	PJL	23
HG02733	PJL	23
HG02734	PJL	23
HG02736	PJL	23
HG02737	PJL	23
HG02756	GWD	13
HG02757	GWD	13
HG02759	GWD	13
HG02760	GWD	13
HG02763	GWD	13
HG02768	GWD	13
HG02769	GWD	13
HG02771	GWD	13
HG02772	GWD	13
HG02774	PJL	23
HG02775	PJL	23
HG02778	PJL	23
HG02780	PJL	23
HG02783	PJL	23
HG02784	PJL	23
HG02786	PJL	23
HG02787	PJL	23
HG02789	PJL	23
HG02790	PJL	23
HG02792	PJL	23
HG02793	PJL	23
HG02798	GWD	13
HG02799	GWD	13
HG02804	GWD	13
HG02805	GWD	13
HG02807	GWD	13
HG02808	GWD	13
HG02810	GWD	13
HG02811	GWD	13
HG02813	GWD	13
HG02814	GWD	13
HG02816	GWD	13
HG02817	GWD	13
HG02819	GWD	13
HG02820	GWD	13
HG02836	GWD	13
HG02837	GWD	13
HG02839	GWD	13
HG02840	GWD	13
HG02851	GWD	13
HG02852	GWD	13
HG02854	GWD	13
HG02855	GWD	13
HG02860	GWD	13
HG02861	GWD	13
HG02870	GWD	13
HG02878	GWD	13
HG02879	GWD	13
HG02881	GWD	13
HG02882	GWD	13
HG02884	GWD	13
HG02885	GWD	13
HG02887	GWD	13
HG02888	GWD	13
HG02890	GWD	13
HG02891	GWD	13
HG02895	GWD	13
HG02896	GWD	13
HG02922	ESN	9
HG02923	ESN	9
HG02938	ESN	9
HG02941	ESN	9
HG02943	ESN	9
HG02944	ESN	9
HG02946	ESN	9
HG02947	ESN	9
HG02952	ESN	9
HG02953	ESN	9
HG02968	ESN	9
HG02970	ESN	9
HG02971	ESN	9
HG02973	ESN	9
HG02974	ESN	9
HG02976	ESN	9
HG02977	ESN	9
HG02979	ESN	9
HG02981	ESN	9
HG02982	GWD	13
HG02983	GWD	13
HG03006	BEB	3
HG03007	BEB	3
HG03009	BEB	3
HG03012	BEB	3
HG03015	PJL	23
HG03016	PJL	23
HG03018	PJL	23
HG03019	PJL	23
HG03021	PJL	23
HG03022	PJL	23
HG03024	GWD	13
HG03025	GWD	13
HG03027	GWD	13
HG03028	GWD	13
HG03039	GWD	13
HG03040	GWD	13
HG03045	GWD	13
HG03046	GWD	13
HG03048	GWD	13
HG03049	GWD	13
HG03052	MSL	20
HG03054	MSL	20
HG03055	MSL	20
HG03057	MSL	20
HG03058	MSL	20
HG03060	MSL	20
HG03061	MSL	20
HG03063	MSL	20
HG03064	MSL	20
HG03066	MSL	20
HG03069	MSL	20
HG03072	MSL	20
HG03073	MSL	20
HG03074	MSL	20
HG03077	MSL	20
HG03078	MSL	20
HG03079	MSL	20
HG03081	MSL	20
HG03082	MSL	20
HG03084	MSL	20
HG03085	MSL	20
HG03086	MSL	20
HG03088	MSL	20
HG03091	MSL	20
HG03095	MSL	20
HG03096	MSL	20
HG03097	MSL	20
HG03099	ESN	9
HG03100	ESN	9
HG03103	ESN	9
HG03105	ESN	9
HG03108	ESN	9
HG03109	ESN	9
HG03111	ESN	9
HG03112	ESN	9
HG03114	ESN	9
HG03115	ESN	9
HG03117	ESN	9
HG03118	ESN	9
HG03120	ESN	9
HG03121	ESN	9
HG03123	ESN	9
HG03124	ESN	9
HG03126	ESN	9
HG03127	ESN	9
HG03129	ESN	9
HG03130	ESN	9
HG03132	ESN	9
HG03133	ESN	9
HG03135	ESN	9
HG03136	ESN	9
HG03139	ESN	9
HG03157	ESN	9
HG03159	ESN	9
HG03160	ESN	9
HG03162	ESN	9
HG03163	ESN	9
HG03166	ESN	9
HG03168	ESN	9
HG03169	ESN	9
HG03172	ESN	9
HG03175	ESN	9
HG03189	ESN	9
HG03190	ESN	9
HG03193	ESN	9
HG03195	ESN	9
HG03196	ESN	9
HG03198	ESN	9
HG03199	ESN	9
HG03202	ESN	9
HG03209	MSL	20
HG03212	MSL	20
HG03224	MSL	20
HG03225	MSL	20
HG03228	PJL	23
HG03229	PJL	23
HG03234	PJL	23
HG03235	PJL	23
HG03237	PJL	23
HG03238	PJL	23
HG03240	GWD	13
HG03241	GWD	13
HG03246	GWD	13
HG03247	GWD	13
HG03258	GWD	13
HG03259	GWD	13
HG03265	ESN	9
HG03267	ESN	9
HG03268	ESN	9
HG03270	ESN	9
HG03271	ESN	9
HG03279	ESN	9
HG03280	ESN	9
HG03291	ESN	9
HG03294	ESN	9
HG03295	ESN	9
HG03297	ESN	9
HG03298	ESN	9
HG03300	ESN	9
HG03301	ESN	9
HG03303	ESN	9
HG03304	ESN	9
HG03311	ESN	9
HG03313	ESN	9
HG03342	ESN	9
HG03343	ESN	9
HG03351	ESN	9
HG03352	ESN	9
HG03354	ESN	9
HG03363	ESN	9
HG03366	ESN	9
HG03367	ESN	9
HG03369	ESN	9
HG03370	ESN	9
HG03372	ESN	9
HG03376	MSL	20
HG03378	MSL	20
HG03380	MSL	20
HG03382	MSL	20
HG03385	MSL	20
HG03388	MSL	20
HG03391	MSL	20
HG03394	MSL	20
HG03397	MSL	20
HG03401	MSL	20
HG03410	MSL	20
HG03419	MSL	20
HG03428	MSL	20
HG03432	MSL	20
HG03433	MSL	20
HG03436	MSL	20
HG03437	MSL	20
HG03439	MSL	20
HG03442	MSL	20
HG03445	MSL	20
HG03446	MSL	20
HG03449	MSL	20
HG03451	MSL	20
HG03452	MSL	20
HG03455	MSL	20
HG03457	MSL	20
HG03458	MSL	20
HG03460	MSL	20
HG03461	MSL	20
HG03464	MSL	20
HG03469	MSL	20
HG03470	MSL	20
HG03472	MSL	20
HG03473	MSL	20
HG03476	MSL	20
HG03478	MSL	20
HG03479	MSL	20
HG03484	MSL	20
HG03485	MSL	20
HG03488	PJL	23
HG03490	PJL	23
HG03491	PJL	23
HG03499	ESN	9
HG03511	ESN	9
HG03514	ESN	9
HG03515	ESN	9
HG03517	ESN	9
HG03518	ESN	9
HG03520	ESN	9
HG03521	ESN	9
HG03538	GWD	13
HG03539	GWD	13
HG03547	MSL	20
HG03548	MSL	20
HG03556	MSL	20
HG03557	MSL	20
HG03558	MSL	20
HG03559	MSL	20
HG03563	MSL	20
HG03565	MSL	20
HG03567	MSL	20
HG03571	MSL	20
HG03572	MSL	20
HG03575	MSL	20
HG03577	MSL	20
HG03578	MSL	20
HG03583	MSL	20
HG03585	BEB	3
HG03589	BEB	3
HG03593	BEB	3
HG03594	BEB	3
HG03595	BEB	3
HG03598	BEB	3
HG03600	BEB	3
HG03603	BEB	3
HG03604	BEB	3
HG03607	BEB	3
HG03611	BEB	3
HG03615	BEB	3
HG03616	BEB	3
HG03619	PJL	23
HG03624	PJL	23
HG03625	PJL	23
HG03629	PJL	23
HG03631	PJL	23
HG03634	PJL	23
HG03636	PJL	23
HG03640	PJL	23
HG03642	STU	25
HG03643	STU	25
HG03644	STU	25
HG03645	STU	25
HG03646	STU	25
HG03649	PJL	23
HG03652	PJL	23
HG03653	PJL	23
HG03660	PJL	23
HG03663	PJL	23
HG03667	PJL	23
HG03668	PJL	23
HG03672	STU	25
HG03673	STU	25
HG03679	STU	25
HG03680	STU	25
HG03681	STU	25
HG03684	STU	25
HG03685	STU	25
HG03686	STU	25
HG03687	STU	25
HG03689	STU	25
HG03690	STU	25
HG03691	STU	25
HG03692	STU	25
HG03693	STU	25
HG03694	STU	25
HG03695	STU	25
HG03696	STU	25
HG03697	STU	25
HG03698	STU	25
HG03702	PJL	23
HG03703	PJL	23
HG03705	PJL	23
HG03706	PJL	23
HG03708	PJL	23
HG03709	PJL	23
HG03711	STU	25
HG03713	ITU	16
HG03714	ITU	16
HG03716	ITU	16
HG03717	ITU	16
HG03718	ITU	16
HG03720	ITU	16
HG03722	ITU	16
HG03727	ITU	16
HG03729	ITU	16
HG03730	ITU	16
HG03731	ITU	16
HG03733	STU	25
HG03736	STU	25
HG03738	STU	25
HG03740	STU	25
HG03741	STU	25
HG03742	ITU	16
HG03743	STU	25
HG03744	STU	25
HG03745	STU	25
HG03746	STU	25
HG03750	STU	25
HG03752	STU	25
HG03753	STU	25
HG03754	STU	25
HG03755	STU	25
HG03756	STU	25
HG03757	STU	25
HG03760	STU	25
HG03762	PJL	23
HG03765	PJL	23
HG03767	PJL	23
HG03770	ITU	16
HG03771	ITU	16
HG03772	ITU	16
HG03773	ITU	16
HG03774	ITU	16
HG03775	ITU	16
HG03777	ITU	16
HG03778	ITU	16
HG03779	ITU	16
HG03780	ITU	16
HG03781	ITU	16
HG03782	ITU	16
HG03784	ITU	16
HG03785	ITU	16
HG03786	ITU	16
HG03787	ITU	16
HG03788	ITU	16
HG03789	ITU	16
HG03790	ITU	16
HG03792	ITU	16
HG03793	BEB	3
HG03796	BEB	3
HG03800	BEB	3
HG03802	BEB	3
HG03803	BEB	3
HG03805	BEB	3
HG03808	BEB	3
HG03809	BEB	3
HG03812	BEB	3
HG03814	BEB	3
HG03815	BEB	3
HG03817	BEB	3
HG03821	BEB	3
HG03823	BEB	3
HG03824	BEB	3
HG03826	BEB	3
HG03829	BEB	3
HG03830	BEB	3
HG03832	BEB	3
HG03833	BEB	3
HG03836	STU	25
HG03837	STU	25
HG03838	STU	25
HG03844	STU	25
HG03846	STU	25
HG03848	STU	25
HG03849	STU	25
HG03850	STU	25
HG03851	STU	25
HG03854	STU	25
HG03856	STU	25
HG03857	STU	25
HG03858	STU	25
HG03861	ITU	16
HG03862	ITU	16
HG03863	ITU	16
HG03864	ITU	16
HG03866	ITU	16
HG03867	ITU	16
HG03868	ITU	16
HG03869	ITU	16
HG03870	ITU	16
HG03871	ITU	16
HG03872	ITU	16
HG03873	ITU	16
HG03874	ITU	16
HG03875	ITU	16
HG03882	ITU	16
HG03884	STU	25
HG03885	STU	25
HG03886	STU	25
HG03887	STU	25
HG03888	STU	25
HG03890	STU	25
HG03894	STU	25
HG03895	STU	25
HG03896	STU	25
HG03897	STU	25
HG03898	STU	25
HG03899	STU	25
HG03900	STU	25
HG03902	BEB	3
HG03905	BEB	3
HG03907	BEB	3
HG03908	BEB	3
HG03910	BEB	3
HG03911	BEB	3
HG03913	BEB	3
HG03914	BEB	3
HG03916	BEB	3
HG03917	BEB	3
HG03919	BEB	3
HG03920	BEB	3
HG03922	BEB	3
HG03925	BEB	3
HG03926	BEB	3
HG03928	BEB	3
HG03931	BEB	3
HG03934	BEB	3
HG03937	BEB	3
HG03940	BEB	3
HG03941	BEB	3
HG03943	STU	25
HG03944	STU	25
HG03945	STU	25
HG03947	STU	25
HG03949	STU	25
HG03950	STU	25
HG03951	STU	25
HG03953	STU	25
HG03955	STU	25
HG03960	ITU	16
HG03963	ITU	16
HG03965	ITU	16
HG03967	ITU	16
HG03968	ITU	16
HG03969	ITU	16
HG03971	ITU	16
HG03973	ITU	16
HG03974	ITU	16
HG03976	ITU	16
HG03977	ITU	16
HG03978	ITU	16
HG03985	STU	25
HG03986	STU	25
HG03989	STU	25
HG03990	STU	25
HG03991	STU	25
HG03995	STU	25
HG03998	STU	25
HG03999	STU	25
HG04001	ITU	16
HG04002	ITU	16
HG04003	STU	25
HG04006	STU	25
HG04014	ITU	16
HG04015	ITU	16
HG04017	ITU	16
HG04018	ITU	16
HG04019	ITU	16
HG04020	ITU	16
HG04022	ITU	16
HG04023	ITU	16
HG04025	ITU	16
HG04026	ITU	16
HG04029	STU	25
HG04033	STU	25
HG04035	STU	25
HG04038	STU	25
HG04039	STU	25
HG04042	STU	25
HG04047	STU	25
HG04054	ITU	16
HG04056	ITU	16
HG04059	ITU	16
HG04060	ITU	16
HG04061	ITU	16
HG04062	ITU	16
HG04063	ITU	16
HG04070	ITU	16
HG04075	STU	25
HG04076	ITU	16
HG04080	ITU	16
HG04090	ITU	16
HG04093	ITU	16
HG04094	ITU	16
HG04096	ITU	16
HG04098	ITU	16
HG04099	STU	25
HG04100	STU	25
HG04106	STU	25
HG04107	STU	25
HG04118	ITU	16
HG04131	BEB	3
HG04134	BEB	3
HG04140	BEB	3
HG04141	BEB	3
HG04144	BEB	3
HG04146	BEB	3
HG04152	BEB	3
HG04153	BEB	3
HG04155	BEB	3
HG04156	BEB	3
HG04158	BEB	3
HG04159	BEB	3
HG04161	BEB	3
HG04162	BEB	3
HG04164	BEB	3
HG04171	BEB	3
HG04173	BEB	3
HG04176	BEB	3
HG04177	BEB	3
HG04180	BEB	3
HG04182	BEB	3
HG04183	BEB	3
HG04185	BEB	3
HG04186	BEB	3
HG04188	BEB	3
HG04189	BEB	3
HG04194	BEB	3
HG04195	BEB	3
HG04198	ITU	16
HG04200	ITU	16
HG04202	ITU	16
HG04206	ITU	16
HG04209	ITU	16
HG04210	STU	25
HG04211	ITU	16
HG04212	ITU	16
HG04214	ITU	16
HG04216	ITU	16
HG04219	ITU	16
HG04222	ITU	16
HG04225	ITU	16
HG04227	STU	25
HG04229	STU	25
HG04235	ITU	16
HG04238	ITU	16
HG04239	ITU	16
NA06984	CEU	5
NA06985	CEU	5
NA06986	CEU	5
NA06989	CEU	5
NA06994	CEU	5
NA07000	CEU	5
NA07037	CEU	5
NA07048	CEU	5
NA07051	CEU	5
NA07056	CEU	5
NA07347	CEU	5
NA07357	CEU	5
NA10847	CEU	5
NA10851	CEU	5
NA11829	CEU	5
NA11830	CEU	5
NA11831	CEU	5
NA11832	CEU	5
NA11840	CEU	5
NA11843	CEU	5
NA11881	CEU	5
NA11892	CEU	5
NA11893	CEU	5
NA11894	CEU	5
NA11918	CEU	5
NA11919	CEU	5
NA11920	CEU	5
NA11930	CEU	5
NA11931	CEU	5
NA11932	CEU	5
NA11933	CEU	5
NA11992	CEU	5
NA11994	CEU	5
NA11995	CEU	5
NA12003	CEU	5
NA12004	CEU	5
NA12005	CEU	5
NA12006	CEU	5
NA12043	CEU	5
NA12044	CEU	5
NA12045	CEU	5
NA12046	CEU	5
NA12058	CEU	5
NA12144	CEU	5
NA12154	CEU	5
NA12155	CEU	5
NA12156	CEU	5
NA12234	CEU	5
NA12249	CEU	5
NA12272	CEU	5
NA12273	CEU	5
NA12275	CEU	5
NA12282	CEU	5
NA12283	CEU	5
NA12286	CEU	5
NA12287	CEU	5
NA12340	CEU	5
NA12341	CEU	5
NA12342	CEU	5
NA12347	CEU	5
NA12348	CEU	5
NA12383	CEU	5
NA12399	CEU	5
NA12400	CEU	5
NA12413	CEU	5
NA12414	CEU	5
NA12489	CEU	5
NA12546	CEU	5
NA12716	CEU	5
NA12717	CEU	5
NA12718	CEU	5
NA12748	CEU	5
NA12749	CEU	5
NA12750	CEU	5
NA12751	CEU	5
NA12760	CEU	5
NA12761	CEU	5
NA12762	CEU	5
NA12763	CEU	5
NA12775	CEU	5
NA12776	CEU	5
NA12777	CEU	5
NA12778	CEU	5
NA12812	CEU	5
NA12813	CEU	5
NA12814	CEU	5
NA12815	CEU	5
NA12827	CEU	5
NA12828	CEU	5
NA12829	CEU	5
NA12830	CEU	5
NA12842	CEU	5
NA12843	CEU	5
NA12872	CEU	5
NA12873	CEU	5
NA12874	CEU	5
NA12878	CEU	5
NA12889	CEU	5
NA12890	CEU	5
NA18486	YRI	27
NA18488	YRI	27
NA18489	YRI	27
NA18498	YRI	27
NA18499	YRI	27
NA18501	YRI	27
NA18502	YRI	27
NA18504	YRI	27
NA18505	YRI	27
NA18507	YRI	27
NA18508	YRI	27
NA18510	YRI	27
NA18511	YRI	27
NA18516	YRI	27
NA18517	YRI	27
NA18519	YRI	27
NA18520	YRI	27
NA18522	YRI	27
NA18523	YRI	27
NA18525	CHB	6
NA18526	CHB	6
NA18528	CHB	6
NA18530	CHB	6
NA18531	CHB	6
NA18532	CHB	6
NA18533	CHB	6
NA18534	CHB	6
NA18535	CHB	6
NA18536	CHB	6
NA18537	CHB	6
NA18538	CHB	6
NA18539	CHB	6
NA18541	CHB	6
NA18542	CHB	6
NA18543	CHB	6
NA18544	CHB	6
NA18545	CHB	6
NA18546	CHB	6
NA18547	CHB	6
NA18548	CHB	6
NA18549	CHB	6
NA18550	CHB	6
NA18552	CHB	6
NA18553	CHB	6
NA18555	CHB	6
NA18557	CHB	6
NA18558	CHB	6
NA18559	CHB	6
NA18560	CHB	6
NA18561	CHB	6
NA18562	CHB	6
NA18563	CHB	6
NA18564	CHB	6
NA18565	CHB	6
NA18566	CHB	6
NA18567	CHB	6
NA18570	CHB	6
NA18571	CHB	6
NA18572	CHB	6
NA18573	CHB	6
NA18574	CHB	6
NA18577	CHB	6
NA18579	CHB	6
NA18582	CHB	6
NA18591	CHB	6
NA18592	CHB	6
NA18593	CHB	6
NA18595	CHB	6
NA18596	CHB	6
NA18597	CHB	6
NA18599	CHB	6
NA18602	CHB	6
NA18603	CHB	6
NA18605	CHB	6
NA18606	CHB	6
NA18608	CHB	6
NA18609	CHB	6
NA18610	CHB	6
NA18611	CHB	6
NA18612	CHB	6
NA18613	CHB	6
NA18614	CHB	6
NA18615	CHB	6
NA18616	CHB	6
NA18617	CHB	6
NA18618	CHB	6
NA18619	CHB	6
NA18620	CHB	6
NA18621	CHB	6
NA18622	CHB	6
NA18623	CHB	6
NA18624	CHB	6
NA18625	CHB	6
NA18626	CHB	6
NA18627	CHB	6
NA18628	CHB	6
NA18629	CHB	6
NA18630	CHB	6
NA18631	CHB	6
NA18632	CHB	6
NA18633	CHB	6
NA18634	CHB	6
NA18635	CHB	6
NA18636	CHB	6
NA18637	CHB	6
NA18638	CHB	6
NA18639	CHB	6
NA18640	CHB	6
NA18641	CHB	6
NA18642	CHB	6
NA18643	CHB	6
NA18644	CHB	6
NA18645	CHB	6
NA18646	CHB	6
NA18647	CHB	6
NA18648	CHB	6
NA18740	CHB	6
NA18745	CHB	6
NA18747	CHB	6
NA18748	CHB	6
NA18749	CHB	6
NA18757	CHB	6
NA18853	YRI	27
NA18856	YRI	27
NA18858	YRI	27
NA18861	YRI	27
NA18864	YRI	27
NA18865	YRI	27
NA18867	YRI	27
NA18868	YRI	27
NA18870	YRI	27
NA18871	YRI	27
NA18873	YRI	27
NA18874	YRI	27
NA18876	YRI	27
NA18877	YRI	27
NA18878	YRI	27
NA18879	YRI	27
NA18881	YRI	27
NA18907	YRI	27
NA18908	YRI	27
NA18909	YRI	27
NA18910	YRI	27
NA18912	YRI	27
NA18915	YRI	27
NA18916	YRI	27
NA18917	YRI	27
NA18923	YRI	27
NA18924	YRI	27
NA18933	YRI	27
NA18934	YRI	27
NA18939	JPT	17
NA18940	JPT	17
NA18941	JPT	17
NA18942	JPT	17
NA18943	JPT	17
NA18944	JPT	17
NA18945	JPT	17
NA18946	JPT	17
NA18947	JPT	17
NA18948	JPT	17
NA18949	JPT	17
NA18950	JPT	17
NA18951	JPT	17
NA18952	JPT	17
NA18953	JPT	17
NA18954	JPT	17
NA18956	JPT	17
NA18957	JPT	17
NA18959	JPT	17
NA18960	JPT	17
NA18961	JPT	17
NA18962	JPT	17
NA18963	JPT	17
NA18964	JPT	17
NA18965	JPT	17
NA18966	JPT	17
NA18967	JPT	17
NA18968	JPT	17
NA18969	JPT	17
NA18970	JPT	17
NA18971	JPT	17
NA18972	JPT	17
NA18973	JPT	17
NA18974	JPT	17
NA18975	JPT	17
NA18976	JPT	17
NA18977	JPT	17
NA18978	JPT	17
NA18979	JPT	17
NA18980	JPT	17
NA18981	JPT	17
NA18982	JPT	17
NA18983	JPT	17
NA18984	JPT	17
NA18985	JPT	17
NA18986	JPT	17
NA18987	JPT	17
NA18988	JPT	17
NA18989	JPT	17
NA18990	JPT	17
NA18991	JPT	17
NA18992	JPT	17
NA18993	JPT	17
NA18994	JPT	17
NA18995	JPT	17
NA18997	JPT	17
NA18998	JPT	17
NA18999	JPT	17
NA19000	JPT	17
NA19001	JPT	17
NA19002	JPT	17
NA19003	JPT	17
NA19004	JPT	17
NA19005	JPT	17
NA19006	JPT	17
NA19007	JPT	17
NA19009	JPT	17
NA19010	JPT	17
NA19011	JPT	17
NA19012	JPT	17
NA19017	LWK	19
NA19019	LWK	19
NA19020	LWK	19
NA19023	LWK	19
NA19024	LWK	19
NA19025	LWK	19
NA19026	LWK	19
NA19027	LWK	19
NA19028	LWK	19
NA19030	LWK	19
NA19031	LWK	19
NA19035	LWK	19
NA19036	LWK	19
NA19037	LWK	19
NA19038	LWK	19
NA19041	LWK	19
NA19042	LWK	19
NA19043	LWK	19
NA19054	JPT	17
NA19055	JPT	17
NA19056	JPT	17
NA19057	JPT	17
NA19058	JPT	17
NA19059	JPT	17
NA19060	JPT	17
NA19062	JPT	17
NA19063	JPT	17
NA19064	JPT	17
NA19065	JPT	17
NA19066	JPT	17
NA19067	JPT	17
NA19068	JPT	17
NA19070	JPT	17
NA19072	JPT	17
NA19074	JPT	17
NA19075	JPT	17
NA19076	JPT	17
NA19077	JPT	17
NA19078	JPT	17
NA19079	JPT	17
NA19080	JPT	17
NA19081	JPT	17
NA19082	JPT	17
NA19083	JPT	17
NA19084	JPT	17
NA19085	JPT	17
NA19086	JPT	17
NA19087	JPT	17
NA19088	JPT	17
NA19089	JPT	17
NA19090	JPT	17
NA19091	JPT	17
NA19092	YRI	27
NA19093	YRI	27
NA19095	YRI	27
NA19096	YRI	27
NA19098	YRI	27
NA19099	YRI	27
NA19102	YRI	27
NA19107	YRI	27
NA19108	YRI	27
NA19113	YRI	27
NA19114	YRI	27
NA19116	YRI	27
NA19117	YRI	27
NA19118	YRI	27
NA19119	YRI	27
NA19121	YRI	27
NA19129	YRI	27
NA19130	YRI	27
NA19131	YRI	27
NA19137	YRI	27
NA19138	YRI	27
NA19141	YRI	27
NA19143	YRI	27
NA19144	YRI	27
NA19146	YRI	27
NA19147	YRI	27
NA19149	YRI	27
NA19152	YRI	27
NA19153	YRI	27
NA19159	YRI	27
NA19160	YRI	27
NA19171	YRI	27
NA19172	YRI	27
NA19175	YRI	27
NA19184	YRI	27
NA19185	YRI	27
NA19189	YRI	27
NA19190	YRI	27
NA19197	YRI	27
NA19198	YRI	27
NA19200	YRI	27
NA19201	YRI	27
NA19204	YRI	27
NA19206	YRI	27
NA19207	YRI	27
NA19209	YRI	27
NA19210	YRI	27
NA19213	YRI	27
NA19214	YRI	27
NA19222	YRI	27
NA19223	YRI	27
NA19225	YRI	27
NA19235	YRI	27
NA19236	YRI	27
NA19238	YRI	27
NA19239	YRI	27
NA19247	YRI	27
NA19248	YRI	27
NA19256	YRI	27
NA19257	YRI	27
NA19307	LWK	19
NA19308	LWK	19
NA19309	LWK	19
NA19310	LWK	19
NA19312	LWK	19
NA19314	LWK	19
NA19315	LWK	19
NA19316	LWK	19
NA19317	LWK	19
NA19318	LWK	19
NA19319	LWK	19
NA19320	LWK	19
NA19321	LWK	19
NA19323	LWK	19
NA19324	LWK	19
NA19327	LWK	19
NA19328	LWK	19
NA19331	LWK	19
NA19332	LWK	19
NA19334	LWK	19
NA19338	LWK	19
NA19346	LWK	19
NA19347	LWK	19
NA19350	LWK	19
NA19351	LWK	19
NA19355	LWK	19
NA19360	LWK	19
NA19372	LWK	19
NA19374	LWK	19
NA19375	LWK	19
NA19376	LWK	19
NA19377	LWK	19
NA19378	LWK	19
NA19379	LWK	19
NA19380	LWK	19
NA19383	LWK	19
NA19384	LWK	19
NA19385	LWK	19
NA19390	LWK	19
NA19391	LWK	19
NA19393	LWK	19
NA19394	LWK	19
NA19395	LWK	19
NA19397	LWK	19
NA19399	LWK	19
NA19401	LWK	19
NA19403	LWK	19
NA19404	LWK	19
NA19428	LWK	19
NA19429	LWK	19
NA19430	LWK	19
NA19431	LWK	19
NA19434	LWK	19
NA19435	LWK	19
NA19436	LWK	19
NA19437	LWK	19
NA19438	LWK	19
NA19439	LWK	19
NA19440	LWK	19
NA19443	LWK	19
NA19445	LWK	19
NA19446	LWK	19
NA19448	LWK	19
NA19449	LWK	19
NA19451	LWK	19
NA19452	LWK	19
NA19454	LWK	19
NA19455	LWK	19
NA19456	LWK	19
NA19457	LWK	19
NA19461	LWK	19
NA19462	LWK	19
NA19463	LWK	19
NA19466	LWK	19
NA19467	LWK	19
NA19468	LWK	19
NA19471	LWK	19
NA19472	LWK	19
NA19473	LWK	19
NA19474	LWK	19
NA19475	LWK	19
NA19625	ASW	2
NA19648	MXL	21
NA19649	MXL	21
NA19651	MXL	21
NA19652	MXL	21
NA19654	MXL	21
NA19655	MXL	21
NA19657	MXL	21
NA19658	MXL	21
NA19661	MXL	21
NA19663	MXL	21
NA19664	MXL	21
NA19669	MXL	21
NA19670	MXL	21
NA19676	MXL	21
NA19678	MXL	21
NA19679	MXL	21
NA19681	MXL	21
NA19682	MXL	21
NA19684	MXL	21
NA19700	ASW	2
NA19701	ASW	2
NA19703	ASW	2
NA19704	ASW	2
NA19707	ASW	2
NA19711	ASW	2
NA19712	ASW	2
NA19713	ASW	2
NA19716	MXL	21
NA19717	MXL	21
NA19719	MXL	21
NA19720	MXL	21
NA19722	MXL	21
NA19723	MXL	21
NA19725	MXL	21
NA19726	MXL	21
NA19728	MXL	21
NA19729	MXL	21
NA19731	MXL	21
NA19732	MXL	21
NA19734	MXL	21
NA19735	MXL	21
NA19740	MXL	21
NA19741	MXL	21
NA19746	MXL	21
NA19747	MXL	21
NA19749	MXL	21
NA19750	MXL	21
NA19752	MXL	21
NA19755	MXL	21
NA19756	MXL	21
NA19758	MXL	21
NA19759	MXL	21
NA19761	MXL	21
NA19762	MXL	21
NA19764	MXL	21
NA19770	MXL	21
NA19771	MXL	21
NA19773	MXL	21
NA19774	MXL	21
NA19776	MXL	21
NA19777	MXL	21
NA19779	MXL	21
NA19780	MXL	21
NA19782	MXL	21
NA19783	MXL	21
NA19785	MXL	21
NA19786	MXL	21
NA19788	MXL	21
NA19789	MXL	21
NA19792	MXL	21
NA19794	MXL	21
NA19795	MXL	21
NA19818	ASW	2
NA19819	ASW	2
NA19834	ASW	2
NA19835	ASW	2
NA19900	ASW	2
NA19901	ASW	2
NA19904	ASW	2
NA19908	ASW	2
NA19909	ASW	2
NA19913	ASW	2
NA19914	ASW	2
NA19916	ASW	2
NA19917	ASW	2
NA19920	ASW	2
NA19921	ASW	2
NA19922	ASW	2
NA19923	ASW	2
NA19982	ASW	2
NA19984	ASW	2
NA20126	ASW	2
NA20127	ASW	2
NA20274	ASW	2
NA20276	ASW	2
NA20278	ASW	2
NA20281	ASW	2
NA20282	ASW	2
NA20287	ASW	2
NA20289	ASW	2
NA20291	ASW	2
NA20294	ASW	2
NA20296	ASW	2
NA20298	ASW	2
NA20299	ASW	2
NA20314	ASW	2
NA20317	ASW	2
NA20318	ASW	2
NA20320	ASW	2
NA20321	ASW	2
NA20332	ASW	2
NA20334	ASW	2
NA20339	ASW	2
NA20340	ASW	2
NA20342	ASW	2
NA20346	ASW	2
NA20348	ASW	2
NA20351	ASW	2
NA20355	ASW	2
NA20356	ASW	2
NA20357	ASW	2
NA20359	ASW	2
NA20362	ASW	2
NA20412	ASW	2
NA20502	TSI	26
NA20503	TSI	26
NA20504	TSI	26
NA20505	TSI	26
NA20506	TSI	26
NA20507	TSI	26
NA20508	TSI	26
NA20509	TSI	26
NA20510	TSI	26
NA20511	TSI	26
NA20512	TSI	26
NA20513	TSI	26
NA20514	TSI	26
NA20515	TSI	26
NA20516	TSI	26
NA20517	TSI	26
NA20518	TSI	26
NA20519	TSI	26
NA20520	TSI	26
NA20521	TSI	26
NA20522	TSI	26
NA20524	TSI	26
NA20525	TSI	26
NA20527	TSI	26
NA20528	TSI	26
NA20529	TSI	26
NA20530	TSI	26
NA20531	TSI	26
NA20532	TSI	26
NA20533	TSI	26
NA20534	TSI	26
NA20535	TSI	26
NA20536	TSI	26
NA20538	TSI	26
NA20539	TSI	26
NA20540	TSI	26
NA20541	TSI	26
NA20542	TSI	26
NA20543	TSI	26
NA20544	TSI	26
NA20581	TSI	26
NA20582	TSI	26
NA20585	TSI	26
NA20586	TSI	26
NA20587	TSI	26
NA20588	TSI	26
NA20589	TSI	26
NA20752	TSI	26
NA20753	TSI	26
NA20754	TSI	26
NA20755	TSI	26
NA20756	TSI	26
NA20757	TSI	26
NA20758	TSI	26
NA20759	TSI	26
NA20760	TSI	26
NA20761	TSI	26
NA20762	TSI	26
NA20763	TSI	26
NA20764	TSI	26
NA20765	TSI	26
NA20766	TSI	26
NA20767	TSI	26
NA20768	TSI	26
NA20769	TSI	26
NA20770	TSI	26
NA20771	TSI	26
NA20772	TSI	26
NA20773	TSI	26
NA20774	TSI	26
NA20775	TSI	26
NA20778	TSI	26
NA20783	TSI	26
NA20785	TSI	26
NA20786	TSI	26
NA20787	TSI	26
NA20790	TSI	26
NA20792	TSI	26
NA20795	TSI	26
NA20796	TSI	26
NA20797	TSI	26
NA20798	TSI	26
NA20799	TSI	26
NA20800	TSI	26
NA20801	TSI	26
NA20802	TSI	26
NA20803	TSI	26
NA20804	TSI	26
NA20805	TSI	26
NA20806	TSI	26
NA20807	TSI	26
NA20808	TSI	26
NA20809	TSI	26
NA20810	TSI	26
NA20811	TSI	26
NA20812	TSI	26
NA20813	TSI	26
NA20814	TSI	26
NA20815	TSI	26
NA20818	TSI	26
NA20819	TSI	26
NA20821	TSI	26
NA20822	TSI	26
NA20826	TSI	26
NA20827	TSI	26
NA20828	TSI	26
NA20832	TSI	26
NA20845	GIH	12
NA20846	GIH	12
NA20847	GIH	12
NA20849	GIH	12
NA20850	GIH	12
NA20851	GIH	12
NA20852	GIH	12
NA20853	GIH	12
NA20854	GIH	12
NA20856	GIH	12
NA20858	GIH	12
NA20859	GIH	12
NA20861	GIH	12
NA20862	GIH	12
NA20863	GIH	12
NA20864	GIH	12
NA20866	GIH	12
NA20867	GIH	12
NA20868	GIH	12
NA20869	GIH	12
NA20870	GIH	12
NA20872	GIH	12
NA20874	GIH	12
NA20875	GIH	12
NA20876	GIH	12
NA20877	GIH	12
NA20878	GIH	12
NA20881	GIH	12
NA20882	GIH	12
NA20884	GIH	12
NA20885	GIH	12
NA20886	GIH	12
NA20887	GIH	12
NA20888	GIH	12
NA20889	GIH	12
NA20890	GIH	12
NA20891	GIH	12
NA20892	GIH	12
NA20894	GIH	12
NA20895	GIH	12
NA20896	GIH	12
NA20897	GIH	12
NA20899	GIH	12
NA20900	GIH	12
NA20901	GIH	12
NA20902	GIH	12
NA20903	GIH	12
NA20904	GIH	12
NA20905	GIH	12
NA20906	GIH	12
NA20908	GIH	12
NA20910	GIH	12
NA20911	GIH	12
NA21086	GIH	12
NA21087	GIH	12
NA21088	GIH	12
NA21089	GIH	12
NA21090	GIH	12
NA21091	GIH	12
NA21092	GIH	12
NA21093	GIH	12
NA21094	GIH	12
NA21095	GIH	12
NA21097	GIH	12
NA21098	GIH	12
NA21099	GIH	12
NA21100	GIH	12
NA21101	GIH	12
NA21102	GIH	12
NA21103	GIH	12
NA21104	GIH	12
NA21105	GIH	12
NA21106	GIH	12
NA21107	GIH	12
NA21108	GIH	12
NA21109	GIH	12
NA21110	GIH	12
NA21111	GIH	12
NA21112	GIH	12
NA21113	GIH	12
NA21114	GIH	12
NA21115	GIH	12
NA21116	GIH	12
NA21117	GIH	12
NA21118	GIH	12
NA21119	GIH	12
NA21120	GIH	12
NA21122	GIH	12
NA21123	GIH	12
NA21124	GIH	12
NA21125	GIH	12
NA21126	GIH	12
NA21127	GIH	12
NA21128	GIH	12
NA21129	GIH	12
NA21130	GIH	12
NA21133	GIH	12
NA21135	GIH	12
NA21137	GIH	12
NA21141	GIH	12
NA21142	GIH	12
NA21143	GIH	12
NA21144	GIH	12
